date_d_m,train,(batch)group,box,sample_name,sex,note,PBS_ul,dilution,grid1_CBcount,grid2,grid3,grid4,grid5,average,CB_load (estimate)
30-4,0,1,A,0_1A db1,female,,750,1,0,0,0,0,0,0,0
1-5,0,1,A,0_1A db2,female,,750,1,0,0,0,0,0,0,0
1-5,0,1,A,0_1A db3,female,,750,1,0,0,0,0,0,0,0
1-5,0,1,A,0_1A db4,female,,750,1,0,0,0,0,0,0,0
1-5,0,1,B,0_1B db1,female,,750,1,0,0,0,0,0,0,0
1-5,0,1,B,0_1B db2,female,,750,1,0,0,0,0,0,0,0
1-5,0,1,B,0_1B db3,female,,750,1,0,0,0,0,0,0,0
1-5,0,2,A,0_2A db1,female,,750,10,0,0,0,0,0,0,0
1-5,0,2,A,0_2A db2,female,,750,10,0,0,0,0,0,0,0
2-5,0,1,A,0_1A 5,female,,750,1,0,0,0,0,0,0,0
2-5,0,1,B,0_1B 4,female,,750,1,0,0,0,0,0,0,0
2-5,0,1,B,0_1B 5,female,all 0 train of batch 1 dead,750,1,0,0,0,0,0,0,0
2-5,0,2,A,0_2A 3,female,,750,1,0,0,0,0,0,0,0
2-5,0,2,A,0_2A 4,female,,750,1,0,0,0,0,0,0,0
2-5,0,2,A,0_2A 5,female,all 0 train boxA of batch 2 dead,750,1,0,0,0,0,0,0,0
2-5,0,2,B,0_2B 1,female,,750,1,0,0,0,0,0,0,0
2-5,0,2,B,0_2B 2,female,,750,1,0,0,0,0,0,0,0
2-5,0,2,B,0_2B 3,female,,750,1,0,0,0,0,0,0,0
2-5,60,2,A,60_2A 1,female,,750,1,0,0,0,0,0,0,0
3-5,0,2,B,0_2B 4,female,,750,1,0,0,0,0,0,0,0
4-5,0,2,B,0_2B 5,female,all 0 train bod batch2 dead,750,1,0,0,0,0,0,0,0
4-5,10,1,A,10_1A 1,female,,750,1,0,0,0,0,0,0,0
5-5,10,1,A,10_1A 2,female,"dissect all batch 1, to check Crithidia inoculation",750,1,0,0,0,0,0,0,0
5-5,10,1,A,10_1A 3,female,,750,1,0,0,0,0,0,0,0
5-5,10,1,A,10_1A 4,female,,750,1,0,0,1,0,0,0.2,13500
5-5,10,1,A,10_1A 5,female,,750,1,0,0,0,0,0,0,0
5-5,10,1,B,10_1B 1,female,,750,1,0,0,0,0,0,0,0
5-5,10,1,B,10_1B 2,female,,750,1,0,0,0,0,0,0,0
5-5,10,1,B,10_1B 3,female,,750,1,0,0,0,0,0,0,0
5-5,10,1,B,10_1B 4,female,,750,1,0,0,0,0,0,0,0
5-5,10,1,B,10_1B 5,female,,750,1,0,0,0,0,0,0,0
5-5,35,1,A,35_1A 1,female,,750,1,0,0,0,0,0,0,0
5-5,35,1,A,35_1A 2,female,,750,1,0,1,0,0,1,0.4,27000
5-5,35,1,A,35_1A 3,female,,750,1,6,7,6,3,4,5.2,351000
5-5,35,1,A,35_1A 4,female,,750,1,1,3,2,4,1,2.2,148500
5-5,35,1,A,35_1A 5,female,,750,1,0,0,0,0,0,0,0
5-5,35,1,B,35_1B 1,female,,750,1,0,0,0,0,0,0,0
5-5,35,1,B,35_1B 2,female,,750,1,0,0,0,0,0,0,0
5-5,35,1,B,35_1B 3,female,,750,1,0,0,0,0,0,0,0
5-5,35,1,B,35_1B 4,female,,750,1,0,0,0,0,0,0,0
5-5,35,1,B,35_1B 5,female,,750,1,0,0,0,0,0,0,0
5-5,60,1,A,60_1A 1,female,,750,1,3,6,5,6,5,5,337500
5-5,60,1,A,60_1A 2,female,,750,1,0,0,0,0,0,0,0
5-5,60,1,A,60_1A 3,female,,750,1,4,2,2,4,3,3,202500
5-5,60,1,A,60_1A 4,female,,750,10,5,5,7,3,1,4.2,2835000
5-5,60,1,A,60_1A 5,female,,750,1,6,1,6,5,5,4.6,310500
5-5,60,1,B,60_1B 1,female,,750,1,0,0,0,0,0,0,0
5-5,60,1,B,60_1B 2,female,,750,1,0,0,0,0,0,0,0
5-5,60,1,B,60_1B 3,female,,750,1,0,0,0,0,0,0,0
5-5,60,1,B,60_1B 4,female,,750,1,0,0,0,0,0,0,0
5-5,60,1,B,60_1B 5,female,,750,1,0,0,0,0,0,0,0
7-5,10,2,B,10_2B 1,female,,750,1,0,0,0,0,0,0,0
8-5,0,3,B,0_3B 1,female,,750,1,0,0,0,0,0,0,0
8-5,0,3,B,0_3B 2,female,,750,1,0,0,0,0,0,0,0
8-5,10,2,A,10_2A 1,female,black rotten gut,750,1,0,0,0,0,0,0,0
9-5,35,2,A,35_2A 1,female,,750,1,0,0,0,0,0,0,0
9-5,35,2,B,35_2B 1,female,"body ripped, gut all dried, directly into frozen",750?,NA,NA,NA,NA,NA,NA,NA,NA
9-5,60,2,A,60_2A 2,female,,750,1,0,0,0,0,0,0,0
9-5,35,3,A,35_3A 1,female,,750,1,0,0,0,0,0,0,0
9-5,0,3,A,0_3A 1,female,,750,1,0,0,0,0,0,0,0
9-5,0,3,A,0_3A 2,female,,750,1,0,0,0,0,0,0,0
9-5,0,3,A,0_3A 3,female,,750,1,0,0,0,0,0,0,0
9-5,0,3,A,0_3A 4,female,,750,1,0,0,0,0,0,0,0
9-5,0,3,A,0_3A 5,female,,750,1,0,0,0,0,0,0,0
9-5,0,3,B,0_3B 3,female,,750,1,0,0,0,0,0,0,0
9-5,0,3,B,0_3B 4,female,,750,1,0,0,0,0,0,0,0
9-5,0,3,B,0_3B 5,female,all 0 train of group3 is dead,750,1,0,0,0,0,0,0,0
10-5,35,2,B,35_2B 2,female,halved PBS (previous750->this day375),375,1,0,0,0,0,0,0,0
10-5,35,2,B,35_2B 3,female,halved PBS (previous750->this day375),375,1,0,0,0,0,0,0,0
10-5,60,2,A,60_2A 3,female,"escaped, missing",NA,NA,NA,NA,NA,NA,NA,NA,NA
10-5,10,3,A,10_3A 1,female,halved PBS (previous750->this day375),375,1,0,0,0,0,0,0,0
12-5,10,2,B,10_2B 2,female,,750,1,0,0,0,0,0,0,0
12-5,35,2,B,35_2B 4,female,less mobile but did move crithidia,750,1,0,1,2,0,0,0.6,40500
12-5,35,2,A,35_2A 2,female,actively moving crithidia,750,1,3,3,2,2,1,2.2,148500
12-5,60,2,A,60_2A 4,female,dissect all group(batch) 2,750,1,0,0,0,0,1,0.2,13500
13-5,60,2,A,60_2A 5,female,,750,10,2,1,0,1,1,1,675000
13-5,60,2,B,60_2B db1,female,,750,1,0,0,0,0,0,0,0
13-5,60,2,B,60_2B 2,female,,750,1,0,0,0,0,0,0,0
13-5,60,2,B,60_2B 3,female,,750,1,0,0,0,0,0,0,0
13-5,60,2,B,60_2B 4,female,,750,1,0,0,0,0,0,0,0
13-5,60,2,B,60_2B 5,female,,750,1,0,0,0,0,0,0,0
13-5,35,2,A,35_2A db3,female,,750,1,0,0,0,0,0,0,0
13-5,35,2,A,35_2A db4,female,,750,10,3,0,1,0,0,0.8,540000
13-5,35,2,A,35_2A 5,female,,750,10,0,1,2,1,2,1.2,810000
13-5,35,2,B,35_2B 5,female,,750,1,0,0,0,0,0,0,0
13-5,10,2,A,10_2A 2,female,,750,10,4,5,4,3,1,3.4,2295000
13-5,10,2,A,10_2A 3,female,,750,10,3,4,3,5,5,4,2700000
13-5,10,2,A,10_2A 4,female,,750,10,1,0,1,1,0,0.6,405000
13-5,10,2,A,10_2A 5,female,,750,10,1,0,0,0,0,0.2,135000
13-5,10,2,B,10_2B 3,female,sth nonmobile appeares,750,1,0,0,0,0,0,0,0
13-5,10,2,B,10_2B 4,female,sth nonmobile appeares,750,1,0,0,0,0,0,0,0
13-5,10,2,B,10_2B 5,female,sth nonmobile appeares,750,1,0,0,0,0,0,0,0
14-5,35,3,A,35_3A 2,female,,375,10,4,4,2,2,5,3.4,1147500
14-5,35,3,A,35_3A 3,female,,375,1,2,2,3,0,2,1.8,60750
15-5,35,3,B,35_3B 1,female,,375,1,0,0,0,0,0,0,0
15-5,35,3,B,35_3B 2,female,,375,1,0,0,0,0,0,0,0
16-5,10,3,A,10_3A 2,female,,375,1,0,0,0,0,0,0,0
16-5,35,3,B,35_3B 3,female,,375,1,0,0,0,0,0,0,0
16-5,35,3,B,35_3B 4,female,"1 bee left in 35B box, if that one dead, put 5 new bees in?",375,1,0,0,0,0,0,0,0
16-5,60,3,A,60_3A 1,female,,375,10,3,6,3,1,7,4,1350000
17-5,10,3,B,10_3B 1,female,,375,1,0,0,0,0,0,0,0
17-5,35,3,A,35_3A 4,female,still breathing in dissection,375,10,5,4,5,5,1,4,1350000
17-5,35,3,A,35_3A 5,female,,375,1,0,0,0,0,0,0,0
17-5,35,3,B,35_3B 5,female,group 3 train 35 all dead,375,1,0,0,0,0,0,0,0
17-5,60,3,A,60_3A 2,female,,375,10,5,7,4,6,8,6,2025000
17-5,60,3,A,60_3A 3,female,,375,1,0,0,0,0,0,0,0
18-5,10,3,A,10_3A 3,female,,375,1,1,0,0,0,0,0.2,6750
18-5,10,3,B,10_3B 2,female,,375,1,0,0,0,0,0,0,0
19-5,60,3,B,60_3B 1,female,,375,1,0,0,0,0,0,0,0
19-5,60,3,B,60_3B 2,female,,375,1,0,0,0,0,0,0,0
19-5,35,4,A,35_4A 1,female,many non-mobile similar to crithidia,300,1,1,0,0,0,0,0.2,5400
19-5,0,4,B,0_4B 1,female,,300,1,0,0,0,0,0,0,0
19-5,0,4,B,0_4B 2,female,,300,1,0,0,0,0,0,0,0
19-5,0,4,B,0_4B 3,female,,300,1,0,0,0,0,0,0,0
20-5,0,4,B,0_4B 4,female,,300,1,0,0,0,0,0,0,0
20-5,0,4,B,0_4B 5,female,,300,1,0,0,0,0,0,0,0
20-5,0,4,B,0_4B 6,female,all 0_4B dead,300,1,0,0,0,0,0,0,0
20-5,35,4,A,35_4A 2,female,,300,1,0,0,0,0,0,0,0
20-5,10,3,A,10_3A db4,female,,375,1,0,0,0,0,0,0,0
20-5,10,3,A,10_3A 5,female,,375,1,0,2,1,1,0,0.8,27000
20-5,10,3,B,10_3B 3,female,,375,1,0,0,0,0,0,0,0
20-5,10,3,B,10_3B 4,female,,375,1,0,0,0,0,0,0,0
20-5,10,3,B,10_3B 5,female,,375,1,0,0,0,0,0,0,0
20-5,60,3,A,60_3A db4,female,"60% servo madly spin fast without stop, not sure how long has lasted",375,10,8,7,7,9,8,7.8,2632500
20-5,60,3,A,60_3A 5,female,,375,10,6,6,5,4,5,5.2,1755000
20-5,60,3,B,60_3B 3,female,,375,1,0,0,0,0,0,0,0
20-5,60,3,B,60_3B 4,female,,375,1,0,0,0,0,0,0,0
20-5,60,3,B,60_3B 5,female,,375,1,0,0,0,0,0,0,0
21-5,0,4,A,0_4A 1,female,,300,1,1,0,0,0,1,0.4,10800
21-5,0,4,A,0_4A 2,female,,300,1,0,2,0,0,0,0.4,10800
21-5,60,4,A,60_4A 1,female,,300,1,0,0,0,0,0,0,0
21-5,60,4,A,60_4A 2,female,,300,1,0,0,0,0,0,0,0
22-5,0,4,A,0_4A 3,female,did I add 300/375??? shit,300,1,4,9,3,1,1,3.6,97200
22-5,10,4,A,10_4A 1,female,,300,1,0,0,0,0,0,0,0
22-5,60,4,A,60_4A 3,female,,300,100,4,4,3,3,2,3.2,8640000
23-5,0,4,A,0_4A 4,female,"dead at 22 after dissection check time, around sugar solution sampling time",300,1,0,0,0,0,0,0,0
23-5,0,4,A,0_4A 5,female,"dead at 22 after dissection check time, around sugar solution sampling time",300,1,2,0,0,1,0,0.6,16200
23-5,0,5,B,0_5B 1,female,,300,1,0,0,0,0,0,0,0
23-5,0,5,B,0_5B 2,female,,300,1,0,0,0,0,0,0,0
23-5,0,5,B,0_5B 3,female,,300,1,0,0,0,0,0,0,0
23-5,0,5,B,0_5B 4,female,,300,1,0,0,0,0,0,0,0
23-5,0,5,B,0_5B 5,female,susceptible dead crithidia existed,300,1,0,0,0,0,0,0,0
23-5,0,5,B,0_5B 6,female,,300,1,0,0,0,0,0,0,0
23-5,10,4,A,10_4A 2,female,,300,1,0,0,0,0,0,0,0
23-5,10,4,A,10_4A 3,female,,300,1,0,0,0,0,0,0,0
23-5,10,4,A,10_4A 4,female,,300,1,0,0,0,0,0,0,0
23-5,35,4,B,35_4B 1,female,,300,1,1,1,0,1,0,0.6,16200
24-5,10,4,A,10_4A 5,female,,300,1,6,3,4,6,2,4.2,113400
24-5,10,4,A,10_4A 6,female,,300,1,4,4,3,5,10,5.2,140400
24-5,10,4,B,10_4B 1,female,,300,1,0,0,0,0,0,0,0
24-5,10,4,B,10_4B 2,female,,300,1,0,0,0,0,0,0,0
24-5,10,4,B,10_4B 3,female,,300,1,0,0,1,0,0,0.2,5400
24-5,10,4,B,10_4B 4,female,,300,1,0,0,0,0,0,0,0
24-5,10,4,B,10_4B 5,female,,300,1,1,0,0,0,0,0.2,5400
24-5,10,4,B,10_4B 6,female,,300,1,0,0,0,0,0,0,0
24-5,35,4,A,35_4A db3,female,many dead crithidia,300,1,1,1,0,2,1,1,27000
24-5,35,4,A,35_4A 4,female,,300,1,6,7,7,11,9,8,216000
24-5,35,4,A,35_4A 5,female,,300,1,6,5,3,5,11,6,162000
24-5,35,4,A,35_4A 6,female,dead crithidia exist but not much,300,1,0,0,0,0,0,0,0
24-5,35,4,B,35_4B 2,female,,300,1,6,5,3,3,4,4.2,113400
24-5,35,4,B,35_4B 3,female,,300,10,3,1,5,5,6,4,1080000
24-5,35,4,B,35_4B 4,female,,300,10,3,5,3,4,4,3.8,1026000
24-5,35,4,B,35_4B 5,female,,300,10,10,7,4,5,6,6.4,1728000
24-5,35,4,B,35_4B 6,female,,300,10,2,2,2,4,2,2.4,648000
24-5,60,4,A,60_4A 4,female,,300,10,7,6,8,11,4,7.2,1944000
24-5,60,4,A,60_4A 5,female,,300,10,4,3,1,2,5,3,810000
24-5,60,4,A,60_4A 6,female,,300,10,3,4,4,5,4,4,1080000
24-5,60,4,B,60_4B 1,female,,600,1,4,8,4,3,3,4.4,237600
24-5,60,4,B,60_4B 2,female,,300,1,4,7,5,5,5,5.2,140400
24-5,60,4,B,60_4B 3,female,,300,1,1,3,3,2,0,1.8,48600
24-5,60,4,B,60_4B 4,female,,300,1,1,1,0,1,0,0.6,16200
24-5,60,4,B,60_4B 5,female,,300,1,1,0,0,1,0,0.4,10800
24-5,60,4,B,60_4B 6,female,,300,1,5,7,5,7,3,5.4,145800
24-5,0,5,A,0_5A 1,female,,300,10,3,2,0,4,3,2.4,648000
24-5,0,5,B,0_5B 7,female,"still breathing in dissection, but not really mobile",300,1,0,0,0,0,0,0,0
24-5,0,5,B,0_5B 8,female,,300,1,0,0,0,0,0,0,0
25-5,10,5,A,10_5A 1,female,,300,10,1,1,5,4,0,2.2,594000
25-5,0,5,A,0_5A 2,female,,300,10,3,3,1,2,2,2.2,594000
25-5,0,5,A,0_5A 3,female,,300,10,1,1,0,3,1,1.2,324000
26-5,0,5,A,0_5A 4,female,,300,10,0,0,1,0,1,0.4,108000
27-5,10,5,A,10_5A 2,female,inmobile ones appear,300,1,1,0,0,2,0,0.6,16200
27-5,35,5,A,35_5A 1,female,,300,10,5,5,3,4,4,4.2,1134000
27-5,60,5,A,60_5A 1,female,,300,10,7,2,6,4,4,4.6,1242000
28-5,10,5,A,10_5A db3,female,,300,1,0,4,6,5,1,3.2,86400
28-5,10,5,A,10_5A db4,female,,300,1,4,4,3,4,2,3.4,91800
28-5,10,5,A,10_5A 5,female,,300,1,4,3,1,0,0,1.6,43200
28-5,10,5,A,10_5A 6,female,,300,1,2,1,2,3,4,2.4,64800
28-5,10,5,A,10_5A 7,female,,300,1,0,0,2,1,1,0.8,21600
28-5,10,5,A,10_5A 8,female,,300,1,1,0,0,0,2,0.6,16200
28-5,10,5,A,10_5A 9,female,,300,10,1,3,2,2,5,2.6,702000
28-5,10,5,B,10_5B 1,female,,300,1,7,3,3,4,11,5.6,151200
28-5,10,5,B,10_5B 2,female,,300,1,3,3,5,5,5,4.2,113400
28-5,10,5,B,10_5B 3,female,,300,1,2,0,0,0,0,0.4,10800
28-5,10,5,B,10_5B 4,female,,300,1,0,0,0,0,0,0,0
28-5,10,5,B,10_5B 5,female,,300,1,0,0,1,0,0,0.2,5400
28-5,10,5,B,10_5B 6,female,,300,1,0,0,0,0,0,0,0
28-5,10,5,B,10_5B 7,female,,300,1,0,0,0,0,1,0.2,5400
28-5,10,5,B,10_5B 8,female,,300,1,1,0,0,1,0,0.4,10800
28-5,35,5,A,35_5A db2,female,,300,10,5,2,2,4,5,3.6,972000
28-5,35,5,A,35_5A 3,female,,300,10,1,1,0,1,1,0.8,216000
28-5,35,5,A,35_5A 4,female,,300,10,1,1,1,0,0,0.6,162000
28-5,35,5,A,35_5A 5,female,,300,10,3,1,0,1,3,1.6,432000
28-5,35,5,A,35_5A 6,female,,300,10,3,3,3,4,1,2.8,756000
28-5,35,5,A,35_5A 7,female,,300,100,3,2,3,0,2,2,5400000
28-5,35,5,A,35_5A 8,female,,300,10,3,2,4,3,2,2.8,756000
28-5,35,5,A,35_5A 9,female,,300,1,1,0,1,2,0,0.8,21600
28-5,35,5,B,35_5B 1,female,,300,1,0,0,0,0,0,0,0
28-5,35,5,B,35_5B 2,female,,300,1,0,0,0,0,1,0.2,5400
28-5,35,5,B,35_5B 3,female,,300,1,1,0,0,0,0,0.2,5400
28-5,35,5,B,35_5B 4,female,,300,1,0,0,0,0,0,0,0
28-5,35,5,B,35_5B 5,female,,300,1,0,0,0,0,1,0.2,5400
28-5,35,5,B,35_5B 6,female,,300,1,0,0,0,0,0,0,0
28-5,35,5,B,35_5B 7,female,,300,1,0,0,0,0,0,0,0
28-5,35,5,B,35_5B 8,female,,300,1,0,0,0,0,0,0,0
28-5,60,5,A,60_5A 2,female,,300,10,9,3,7,3,9,6.2,1674000
28-5,60,5,A,60_5A 3,female,,300,100,5,1,1,3,3,2.6,7020000
28-5,60,5,A,60_5A 4,female,,300,1,1,0,2,2,1,1.2,32400
28-5,60,5,A,60_5A 5,female,,300,10,3,2,1,4,7,3.4,918000
28-5,60,5,A,60_5A 6,female,,300,10,4,3,2,4,0,2.6,702000
28-5,60,5,A,60_5A 7,female,,300,10,3,2,3,0,2,2,540000
28-5,60,5,A,60_5A 8,female,,300,10,1,4,2,2,1,2,540000
28-5,60,5,A,60_5A 9,female,,300,10,0,1,0,1,2,0.8,216000
28-5,60,5,B,60_5B 1,female,,300,10,3,2,2,4,3,2.8,756000
28-5,60,5,B,60_5B 2,female,,300,10,2,1,1,1,2,1.4,378000
28-5,60,5,B,60_5B 3,female,,300,10,1,1,0,0,0,0.4,108000
28-5,60,5,B,60_5B 4,female,,300,10,1,0,1,0,1,0.6,162000
28-5,60,5,B,60_5B 5,female,,300,10,2,1,1,0,2,1.2,324000
28-5,60,5,B,60_5B 6,female,,300,10,5,4,5,1,5,4,1080000
28-5,60,5,B,60_5B 7,female,,300,10,6,5,6,8,8,6.6,1782000
28-5,60,5,B,60_5B 8,female,,300,10,7,6,3,4,8,5.6,1512000
2-6,35,6,A,35_6A 1,female,,300,100,3,2,1,0,2,1.6,4320000
2-6,60,6,A,60_6A 1,female,,300,10,8,6,2,10,12,7.6,2052000
3-6,0,6,B,0_6B 1,female,a few dead cb maybe appeared,300,1,0,0,0,0,0,0,0
3-6,0,6,B,0_6B 2,female,a few dead cb maybe appeared,300,1,0,0,0,0,0,0,0
3-6,0,6,B,0_6B 3,female,a few dead cb maybe appeared,300,1,0,0,0,0,0,0,0
3-6,10,6,A,10_6A 1,female,dead cb appeared,300,1,0,0,0,0,0,0,0
3-6,10,6,A,10_6A 2,female,a lot dead cb,300,10,3,3,0,2,3,2.2,594000
3-6,10,6,A,10_6A 3,female,dead cb appeared,300,1,0,0,1,0,0,0.2,5400
3-6,10,6,A,10_6A 4,female,badly rotten,300,1,0,0,0,0,0,0,0
3-6,35,6,A,35_6A 2,female,,300,10,4,5,1,3,4,3.4,918000
3-6,60,6,A,60_6A 2,female,,300,10,10,7,10,9,6,8.4,2268000
3-6,60,6,A,60_6A 3,female,,300,10,3,2,2,3,1,2.2,594000
3-6,60,6,A,60_6A 4,female,,300,10,8,10,4,5,10,7.4,1998000
4-6,0,7,B,0_7B 1,male,,300,1,0,0,0,0,0,0,0
4-6,0,6,B,0_6B 4,female,,300,1,0,0,0,0,0,0,0
4-6,10,6,A,10_6A 5,female,"rotten, a lot dead cb",300,1,1,0,0,0,0,0.2,5400
4-6,10,6,A,10_6A 6,female,,300,1,3,0,2,1,1,1.4,37800
4-6,35,6,A,35_6A 3,female,,300,1,0,0,0,0,0,0,0
4-6,35,6,A,35_6A 4,female,rotten,300,1,0,0,0,0,0,0,0
4-6,60,6,A,60_6A 5,female,,300,10,5,5,8,9,5,6.4,1728000
4-6,60,6,A,60_6A 6,female,"rotten, has dead cb",300,10,4,4,2,4,6,4,1080000
5-6,35,6,A,35_6A 5,female,,300,100,1,0,1,1,4,1.4,3780000
5-6,0,7,A,0_7A 1,female,,300,10,5,6,1,7,2,4.2,1134000
5-6,0,7,B,0_7B 2,male,,300,1,0,0,0,0,0,0,0
5-6,0,7,B,0_7B 3,male,,300,1,0,0,0,0,0,0,0
5-6,0,7,B,0_7B 4,male,,300,1,0,0,0,0,0,0,0
6-6,0,7,A,0_7A 2,female,,300,10,4,3,4,4,0,3,810000
6-6,60,6,B,60_6B 1,female,no dead cb,300,1,0,0,0,0,0,0,0
6-6,60,6,A,60_6A 7,female,"rotten, a lot dead cb",300,1,2,0,2,0,0,0.8,21600
6-6,35,6,A,35_6A 6,female,,300,10,7,5,9,9,6,7.2,1944000
6-6,10,6,A,10_6A 7,female,"rotten, dead cb appeared",300,1,0,0,0,0,0,0,0
7-6,10,7,A,10_7A 1,female,"alive but not mobile when dissected, dead cb appeared",300,1,1,2,0,1,2,1.2,32400
8-6,10,6,A,10_6A 8,female,,300,1,9,7,5,7,4,6.4,172800
8-6,60,6,A,60_6A db8,female,"mostly alive, daed cb existed",300,10,0,5,3,1,3,2.4,648000
8-6,10,6,B,10_6B db1,female,rotten,300,1,0,0,0,0,0,0,0
8-6,10,6,B,10_6B 2,female,,300,1,0,0,0,0,0,0,0
8-6,10,6,B,10_6B 3,female,,300,1,0,0,0,0,0,0,0
8-6,10,6,B,10_6B 4,female,dead cb appeared,300,1,0,0,0,0,0,0,0
8-6,10,6,B,10_6B 5,female,,300,1,0,0,0,0,0,0,0
8-6,10,6,B,10_6B 6,female,,300,1,0,0,0,0,0,0,0
8-6,10,6,B,10_6B 7,female,,300,1,0,0,0,0,0,0,0
8-6,35,6,B,35_6B db1,female,"rotten, no really dead cb",300,1,0,0,0,0,0,0,0
8-6,35,6,B,35_6B 2,female,,300,1,0,0,0,0,0,0,0
8-6,35,6,B,35_6B 3,female,dead cb appeared,300,1,0,0,0,0,0,0,0
8-6,35,6,B,35_6B 4,female,dead cb appeared,300,1,0,0,0,0,0,0,0
8-6,35,6,B,35_6B 5,female,,300,1,0,0,0,0,0,0,0
8-6,35,6,B,35_6B 6,female,,300,1,0,0,0,0,0,0,0
8-6,60,6,B,60_6B 2,female,,300,10,4,1,1,4,7,3.4,918000
8-6,60,6,B,60_6B 3,female,,300,1,0,0,0,0,0,0,0
8-6,60,6,B,60_6B 4,female,,300,10,2,1,4,1,2,2,540000
8-6,60,6,B,60_6B 5,female,,300,1,0,0,1,0,0,0.2,5400
8-6,60,6,B,60_6B 6,female,dead cb appeared,300,1,0,2,0,1,0,0.6,16200
8-6,10,7,A,10_7A 3,female,"dead cb appeared, a bit mixed with 35_7A 1",300,10,0,3,1,5,1,2,540000
8-6,10,7,A,10_7A 2,female,rotten,300,1,0,0,0,0,0,0,0
8-6,35,7,A,35_7A 1,female,a bit mixed with 10_7A 3,300,10,8,6,10,5,7,7.2,1944000
9-6,60,7,B,60_7B 1,male,"all this batch had long waving ""worms""",300,1,0,0,0,0,0,0,0
9-6,60,7,B,60_7B 2,male,,300,1,0,0,0,0,0,0,0
9-6,60,7,B,60_7B 3,female,dead cb appeared,300,1,0,0,0,0,0,0,0
9-6,60,7,B,60_7B 4,male,,300,1,0,0,0,0,0,0,0
9-6,60,7,B,60_7B 5,female,,300,1,0,0,0,0,0,0,0
9-6,60,7,B,60_7B 6,male,,300,1,0,0,0,0,0,0,0
9-6,60,7,B,60_7B 7,male,,300,1,0,0,0,0,1,0.2,5400
9-6,35,7,B,35_7B 1,male,dead cb appeared,300,1,0,0,0,0,0,0,0
9-6,35,7,B,35_7B 2,female,,300,1,0,0,0,0,0,0,0
9-6,35,7,B,35_7B 3,male,,300,1,1,0,0,0,0,0.2,5400
9-6,35,7,B,35_7B 4,male,,300,1,0,0,0,0,0,0,0
9-6,35,7,B,35_7B 5,male,,300,1,0,0,0,0,0,0,0
9-6,35,7,B,35_7B 6,female,,300,1,0,0,0,0,0,0,0
9-6,35,7,B,35_7B 7,female,,300,1,0,0,0,0,0,0,0
9-6,10,7,B,10_7B 1,female,,300,1,0,1,0,0,0,0.2,5400
9-6,10,7,B,10_7B 2,female,,300,1,0,0,0,0,0,0,0
9-6,10,7,B,10_7B 3,male,,300,1,0,0,0,0,0,0,0
9-6,10,7,B,10_7B 4,male,,300,1,0,0,0,0,0,0,0
9-6,10,7,B,10_7B 5,male,,300,1,0,0,0,0,0,0,0
9-6,10,7,B,10_7B 6,male,,300,1,0,0,0,0,0,0,0
9-6,10,7,B,10_7B 7,male,,300,1,0,0,0,0,0,0,0
9-6,60,7,A,60_7A 1,female,,300,100,0,2,1,1,2,1.2,3240000
9-6,60,7,A,60_7A 2,female,,300,10,2,4,3,3,2,2.8,756000
9-6,60,7,A,60_7A 3,female,,300,1,5,5,9,7,5,6.2,167400
9-6,60,7,A,60_7A 4,female,,300,10,5,7,12,9,5,7.6,2052000
9-6,60,7,A,60_7A 5,female,,300,10,5,5,6,5,3,4.8,1296000
9-6,60,7,A,60_7A 6,female,,300,10,4,3,3,3,5,3.6,972000
9-6,60,7,A,60_7A 7,female,,300,10,7,8,9,6,2,6.4,1728000
9-6,35,7,A,35_7A 2,female,,300,10,6,5,5,7,3,5.2,1404000
9-6,35,7,A,35_7A 3,female,,300,10,4,2,3,1,3,2.6,702000
9-6,35,7,A,35_7A 4,female,,300,10,10,10,10,10,12,10.4,2808000
9-6,35,7,A,35_7A 5,female,,300,10,3,4,0,2,1,2,540000
9-6,35,7,A,35_7A 6,female,,300,10,5,4,5,1,1,3.2,864000
9-6,35,7,A,35_7A 7,female,,300,10,3,2,3,3,4,3,810000
9-6,10,7,A,10_7A db4,female,a lot dead cb,300,1,0,0,1,0,0,0.2,5400
9-6,10,7,A,10_7A 5,female,,300,10,1,3,1,2,1,1.6,432000
9-6,10,7,A,10_7A 6,female,,300,1,0,0,0,0,0,0,0
9-6,10,7,A,10_7A 7,female,,300,1,0,1,1,0,0,0.4,10800
9-6,0,7,A,0_7A 3,female,,300,1,2,8,7,9,2,5.6,151200
9-6,0,7,A,0_7A 4,female,,300,10,2,4,2,6,5,3.8,1026000
