"date_d_m","sugar_conc","group","box","sample_name","sex","note","dilution","meanCBcount","CBLoadPerB","conc","colony"
"24-5","10","4","A","10_4A 5","female","",1,4.2,113400,378,"1"
"24-5","10","4","A","10_4A 6","female","",1,5.2,140400,468,"1"
"24-5","10","4","B","10_4B 1","female","",1,0,0,0,"1"
"24-5","10","4","B","10_4B 2","female","",1,0,0,0,"1"
"24-5","10","4","B","10_4B 3","female","",1,0.2,5400,18,"1"
"24-5","10","4","B","10_4B 4","female","",1,0,0,0,"1"
"24-5","10","4","B","10_4B 5","female","",1,0.2,5400,18,"1"
"24-5","10","4","B","10_4B 6","female","",1,0,0,0,"1"
"24-5","35","4","A","35_4A db3","female","many dead crithidia",1,1,27000,90,"1"
"24-5","35","4","A","35_4A 4","female","",1,8,216000,720,"1"
"24-5","35","4","A","35_4A 5","female","",1,6,162000,540,"1"
"24-5","35","4","A","35_4A 6","female","dead crithidia exist but not much",1,0,0,0,"1"
"24-5","35","4","B","35_4B 2","female","",1,4.2,113400,378,"1"
"24-5","35","4","B","35_4B 3","female","",10,4,1080000,3600,"1"
"24-5","35","4","B","35_4B 4","female","",10,3.8,1026000,3420,"1"
"24-5","35","4","B","35_4B 5","female","",10,6.4,1728000,5760,"1"
"24-5","35","4","B","35_4B 6","female","",10,2.4,648000,2160,"1"
"24-5","60","4","A","60_4A 4","female","",10,7.2,1944000,6480,"1"
"24-5","60","4","A","60_4A 5","female","",10,3,810000,2700,"1"
"24-5","60","4","A","60_4A 6","female","",10,4,1080000,3600,"1"
"24-5","60","4","B","60_4B 1","female","",1,8.8,475200,792,"1"
"24-5","60","4","B","60_4B 2","female","",1,5.2,140400,468,"1"
"24-5","60","4","B","60_4B 3","female","",1,1.8,48600,162,"1"
"24-5","60","4","B","60_4B 4","female","",1,0.6,16200,54,"1"
"24-5","60","4","B","60_4B 5","female","",1,0.4,10800,36,"1"
"24-5","60","4","B","60_4B 6","female","",1,5.4,145800,486,"1"
"28-5","10","5","A","10_5A db3","female","",1,3.2,86400,288,"2"
"28-5","10","5","A","10_5A db4","female","",1,3.4,91800,306,"2"
"28-5","10","5","A","10_5A 5","female","",1,1.6,43200,144,"2"
"28-5","10","5","A","10_5A 6","female","",1,2.4,64800,216,"2"
"28-5","10","5","A","10_5A 7","female","",1,0.8,21600,72,"2"
"28-5","10","5","A","10_5A 8","female","",1,0.6,16200,54,"2"
"28-5","10","5","A","10_5A 9","female","",10,2.6,702000,2340,"2"
"28-5","10","5","B","10_5B 1","female","",1,5.6,151200,504,"2"
"28-5","10","5","B","10_5B 2","female","",1,4.2,113400,378,"2"
"28-5","10","5","B","10_5B 3","female","",1,0.4,10800,36,"2"
"28-5","10","5","B","10_5B 4","female","",1,0,0,0,"2"
"28-5","10","5","B","10_5B 5","female","",1,0.2,5400,18,"2"
"28-5","10","5","B","10_5B 6","female","",1,0,0,0,"2"
"28-5","10","5","B","10_5B 7","female","",1,0.2,5400,18,"2"
"28-5","10","5","B","10_5B 8","female","",1,0.4,10800,36,"2"
"28-5","35","5","A","35_5A db2","female","",10,3.6,972000,3240,"2"
"28-5","35","5","A","35_5A 3","female","",10,0.8,216000,720,"2"
"28-5","35","5","A","35_5A 4","female","",10,0.6,162000,540,"2"
"28-5","35","5","A","35_5A 5","female","",10,1.6,432000,1440,"2"
"28-5","35","5","A","35_5A 6","female","",10,2.8,756000,2520,"2"
"28-5","35","5","A","35_5A 7","female","",100,2,5400000,18000,"2"
"28-5","35","5","A","35_5A 8","female","",10,2.8,756000,2520,"2"
"28-5","35","5","A","35_5A 9","female","",1,0.8,21600,72,"2"
"28-5","35","5","B","35_5B 1","female","",1,0,0,0,"2"
"28-5","35","5","B","35_5B 2","female","",1,0.2,5400,18,"2"
"28-5","35","5","B","35_5B 3","female","",1,0.2,5400,18,"2"
"28-5","35","5","B","35_5B 4","female","",1,0,0,0,"2"
"28-5","35","5","B","35_5B 5","female","",1,0.2,5400,18,"2"
"28-5","35","5","B","35_5B 6","female","",1,0,0,0,"2"
"28-5","35","5","B","35_5B 7","female","",1,0,0,0,"2"
"28-5","35","5","B","35_5B 8","female","",1,0,0,0,"2"
"28-5","60","5","A","60_5A 2","female","",10,6.2,1674000,5580,"2"
"28-5","60","5","A","60_5A 3","female","",100,2.6,7020000,23400,"2"
"28-5","60","5","A","60_5A 4","female","",1,1.2,32400,108,"2"
"28-5","60","5","A","60_5A 5","female","",10,3.4,918000,3060,"2"
"28-5","60","5","A","60_5A 6","female","",10,2.6,702000,2340,"2"
"28-5","60","5","A","60_5A 7","female","",10,2,540000,1800,"2"
"28-5","60","5","A","60_5A 8","female","",10,2,540000,1800,"2"
"28-5","60","5","A","60_5A 9","female","",10,0.8,216000,720,"2"
"28-5","60","5","B","60_5B 1","female","",10,2.8,756000,2520,"2"
"28-5","60","5","B","60_5B 2","female","",10,1.4,378000,1260,"2"
"28-5","60","5","B","60_5B 3","female","",10,0.4,108000,360,"2"
"28-5","60","5","B","60_5B 4","female","",10,0.6,162000,540,"2"
"28-5","60","5","B","60_5B 5","female","",10,1.2,324000,1080,"2"
"28-5","60","5","B","60_5B 6","female","",10,4,1080000,3600,"2"
"28-5","60","5","B","60_5B 7","female","",10,6.6,1782000,5940,"2"
"28-5","60","5","B","60_5B 8","female","",10,5.6,1512000,5040,"2"
"8-6","10","6","A","10_6A 8","female","",1,6.4,172800,576,"1"
"8-6","60","6","A","60_6A db8","female","mostly alive, daed cb existed",10,2.4,648000,2160,"1"
"8-6","10","6","B","10_6B db1","female","rotten",1,0,0,0,"1"
"8-6","10","6","B","10_6B 2","female","",1,0,0,0,"1"
"8-6","10","6","B","10_6B 3","female","",1,0,0,0,"1"
"8-6","10","6","B","10_6B 4","female","dead cb appeared",1,0,0,0,"1"
"8-6","10","6","B","10_6B 5","female","",1,0,0,0,"1"
"8-6","10","6","B","10_6B 6","female","",1,0,0,0,"1"
"8-6","10","6","B","10_6B 7","female","",1,0,0,0,"1"
"8-6","35","6","B","35_6B db1","female","rotten, no really dead cb",1,0,0,0,"1"
"8-6","35","6","B","35_6B 2","female","",1,0,0,0,"1"
"8-6","35","6","B","35_6B 3","female","dead cb appeared",1,0,0,0,"1"
"8-6","35","6","B","35_6B 4","female","dead cb appeared",1,0,0,0,"1"
"8-6","35","6","B","35_6B 5","female","",1,0,0,0,"1"
"8-6","35","6","B","35_6B 6","female","",1,0,0,0,"1"
"8-6","60","6","B","60_6B 2","female","",10,3.4,918000,3060,"1"
"8-6","60","6","B","60_6B 3","female","",1,0,0,0,"1"
"8-6","60","6","B","60_6B 4","female","",10,2,540000,1800,"1"
"8-6","60","6","B","60_6B 5","female","",1,0.2,5400,18,"1"
"8-6","60","6","B","60_6B 6","female","dead cb appeared",1,0.6,16200,54,"1"
"9-6","60","7","B","60_7B 1","male","all this batch had long waving ""worms""",1,0,0,0,"2"
"9-6","60","7","B","60_7B 2","male","",1,0,0,0,"2"
"9-6","60","7","B","60_7B 3","female","dead cb appeared",1,0,0,0,"2"
"9-6","60","7","B","60_7B 4","male","",1,0,0,0,"2"
"9-6","60","7","B","60_7B 5","female","",1,0,0,0,"2"
"9-6","60","7","B","60_7B 6","male","",1,0,0,0,"2"
"9-6","60","7","B","60_7B 7","male","",1,0.2,5400,18,"2"
"9-6","35","7","B","35_7B 1","male","dead cb appeared",1,0,0,0,"2"
"9-6","35","7","B","35_7B 2","female","",1,0,0,0,"2"
"9-6","35","7","B","35_7B 3","male","",1,0.2,5400,18,"2"
"9-6","35","7","B","35_7B 4","male","",1,0,0,0,"2"
"9-6","35","7","B","35_7B 5","male","",1,0,0,0,"2"
"9-6","35","7","B","35_7B 6","female","",1,0,0,0,"2"
"9-6","35","7","B","35_7B 7","female","",1,0,0,0,"2"
"9-6","10","7","B","10_7B 1","female","",1,0.2,5400,18,"2"
"9-6","10","7","B","10_7B 2","female","",1,0,0,0,"2"
"9-6","10","7","B","10_7B 3","male","",1,0,0,0,"2"
"9-6","10","7","B","10_7B 4","male","",1,0,0,0,"2"
"9-6","10","7","B","10_7B 5","male","",1,0,0,0,"2"
"9-6","10","7","B","10_7B 6","male","",1,0,0,0,"2"
"9-6","10","7","B","10_7B 7","male","",1,0,0,0,"2"
"9-6","60","7","A","60_7A 1","female","",100,1.2,3240000,10800,"2"
"9-6","60","7","A","60_7A 2","female","",10,2.8,756000,2520,"2"
"9-6","60","7","A","60_7A 3","female","",1,6.2,167400,558,"2"
"9-6","60","7","A","60_7A 4","female","",10,7.6,2052000,6840,"2"
"9-6","60","7","A","60_7A 5","female","",10,4.8,1296000,4320,"2"
"9-6","60","7","A","60_7A 6","female","",10,3.6,972000,3240,"2"
"9-6","60","7","A","60_7A 7","female","",10,6.4,1728000,5760,"2"
"9-6","35","7","A","35_7A 2","female","",10,5.2,1404000,4680,"2"
"9-6","35","7","A","35_7A 3","female","",10,2.6,702000,2340,"2"
"9-6","35","7","A","35_7A 4","female","",10,10.4,2808000,9360,"2"
"9-6","35","7","A","35_7A 5","female","",10,2,540000,1800,"2"
"9-6","35","7","A","35_7A 6","female","",10,3.2,864000,2880,"2"
"9-6","35","7","A","35_7A 7","female","",10,3,810000,2700,"2"
"9-6","10","7","A","10_7A db4","female","a lot dead cb",1,0.2,5400,18,"2"
"9-6","10","7","A","10_7A 5","female","",10,1.6,432000,1440,"2"
"9-6","10","7","A","10_7A 6","female","",1,0,0,0,"2"
"9-6","10","7","A","10_7A 7","female","",1,0.4,10800,36,"2"
"9-6","0","7","A","0_7A 3","female","",1,5.6,151200,504,"2"
"9-6","0","7","A","0_7A 4","female","",10,3.8,1026000,3420,"2"
